{"schematics":[{"docType":1,"title":"NFC Business Card","dataStr":{"head":{"docType":"1","editorVersion":"6.4.29","newgId":true,"c_para":{"Prefix Start":"1"},"c_spiceCmd":"null","hasIdFlag":true,"uuid":"eeecf4a4ef7a47108c2c487ea1c29d83","x":"0","y":"0","portOfADImportHack":"","importFlag":0,"transformList":""},"canvas":"CA~1000~1000~#FFFFFF~yes~#CCCCCC~5~1000~1000~line~5~pixel~5~0~0","shape":["LIB~0~-806~package`NONE`BOM_Manufacturer Part`?`spicePre`.`~~0~frame_lib_1~~~0~~yes~yes~~~#@$T~N~570.86~-809~0~#000080~Arial~~~~~comment~A~0~start~gge226~0~#@$PT~M 206 -796 L 206 -806 M 206 -10 L 206 0 M 402 -796 L 402 -806 M 402 -10 L 402 0 M 598 -796 L 598 -806 M 598 -10 L 598 0 M 794 -796 L 794 -806 M 794 -10 L 794 0 M 990 -796 L 990 -806 M 990 -10 L 990 0 M 10 -600 L 0 -600 M 1139 -600 L 1149 -600 M 10 -404 L 0 -404 M 1139 -404 L 1149 -404 M 10 -208 L 0 -208 M 1139 -208 L 1149 -208 M 10 -12 L 0 -12 M 1139 -12 L 1149 -12~#880000~1~0~none~gge10~0~frame_tick#@$T~P~571.47~-817.82~0~#000080~Arial~~~~~comment~A~0~start~gge223~0~#@$T~L~1.5~-698~0~#880000~~~~~~comment~A~1~start~gge13~0~frame_tick#@$T~L~1140.5~-698~0~#880000~~~~~~comment~A~1~start~gge19~0~frame_tick#@$T~L~1.5~-502~0~#880000~~~~~~comment~B~1~start~gge25~0~frame_tick#@$T~L~1140.5~-502~0~#880000~~~~~~comment~B~1~start~gge31~0~frame_tick#@$T~L~1.5~-306~0~#880000~~~~~~comment~C~1~start~gge37~0~frame_tick#@$T~L~1140.5~-306~0~#880000~~~~~~comment~C~1~start~gge43~0~frame_tick#@$T~L~1.5~-110~0~#880000~~~~~~comment~D~1~start~gge49~0~frame_tick#@$T~L~1140.5~-110~0~#880000~~~~~~comment~D~1~start~gge55~0~frame_tick#@$T~L~108~-797.5~0~#880000~~~~~~comment~1~1~start~gge61~0~frame_tick#@$T~L~108~-1.5~0~#880000~~~~~~comment~1~1~start~gge67~0~frame_tick#@$T~L~304~-797.5~0~#880000~~~~~~comment~2~1~start~gge73~0~frame_tick#@$T~L~304~-1.5~0~#880000~~~~~~comment~2~1~start~gge79~0~frame_tick#@$T~L~500~-797.5~0~#880000~~~~~~comment~3~1~start~gge85~0~frame_tick#@$T~L~500~-1.5~0~#880000~~~~~~comment~3~1~start~gge91~0~frame_tick#@$T~L~696~-797.5~0~#880000~~~~~~comment~4~1~start~gge97~0~frame_tick#@$T~L~696~-1.5~0~#880000~~~~~~comment~4~1~start~gge103~0~frame_tick#@$T~L~892~-797.5~0~#880000~~~~~~comment~5~1~start~gge109~0~frame_tick#@$T~L~892~-1.5~0~#880000~~~~~~comment~5~1~start~gge115~0~frame_tick#@$R~10~-796~~~1129~786~#880000~1~0~none~gge121~0~frame_innerbox#@$R~0~-806~~~1149~806~#880000~1~0~none~gge124~0~frame_outbox#@$R~694.99995~-90~~~444~80~#880000~1~0~none~gge127~0~frame_hitarea#@$PL~695.1 -50.75 1138.63 -50.75~#880000~1~0~none~gge130~0#@$PL~799.63 -30.75 1138.63 -30.75~#880000~1~0~none~gge133~0#@$PL~1059.61 -89.93 1059.63 -50.75~#880000~1~0~none~gge136~0#@$PL~1059.63 -50.75 1059.63 -30.75~#880000~1~0~none~gge139~0#@$T~L~699.99995~-77~0~#880000~~8pt~~~~comment~TITLE:~1~start~gge142~0~pinpart#@$T~L~757.62495~-64.41~0~#0000FF~~10pt~~~~comment~NFC Business Card~1~start~gge148~0~frame_title#@$T~L~1064.62495~-63.75~0~#880000~~8pt~~~~comment~REV:~1~start~gge154~0~pinpart#@$T~L~1102.62495~-63.75~0~#0000FF~~9pt~~~~comment~1.0~1~start~gge160~0~frame_version#@$T~L~804.62495~-15~0~#880000~~8pt~~~~comment~Date:~1~start~gge166~0~pinpart#@$T~L~851.62495~-14.52~0~#0000FF~~9pt~~~~comment~2022-01-16~1~start~gge172~0~frame_date#@$T~L~1063.62495~-35~0~#880000~~8pt~~~~comment~Sheet:~1~start~gge178~0~pinpart#@$T~L~1108.62495~-34.52~0~#0000FF~~9pt~~~~comment~1\/1~1~start~gge184~0~frame_sheet#@$T~L~943.62495~-14.75~0~#880000~~8pt~~~~comment~Drawn By:~1~start~gge190~0~pinpart#@$T~L~1008.63~-14.75~0~#0000FF~~9pt~~~~comment~Jesus Minjares~1~start~gge196~0~frame_drawn#@$T~L~804.62495~-36.75~0~#880000~~8pt~~~~comment~Company:~1~start~gge202~0~pinpart#@$T~L~871.24995~-36.64~0~#0000FF~~9pt~~~~comment~UTEP~1~start~gge208~0~frame_company#@$PL~799.63 -50.75 799.63 -10.75~#880000~1~0~none~gge214~0","F~part_netLabel_gnD~930~-242~0~gge650~~0^^930~-242^^GND~#000000~917~-216~0~start~1~Times New Roman~9pt~flag_gge7^^PL~930 -232 930 -242~#000000~1~0~transparent~gge662~0^^PL~921 -232 939 -232~#000000~1~0~transparent~gge665~0^^PL~924 -230 936 -230~#000000~1~0~transparent~gge668~0^^PL~927 -228 933 -228~#000000~1~0~transparent~gge671~0^^PL~929 -226 931 -226~#000000~1~0~transparent~gge674~0","F~part_netLabel_VCC~950~-362~0~gge704~~0^^950~-362^^VCC~#000000~938~-374~0~start~1~Times New Roman~9pt~flag_gge10^^PL~950 -372 950 -362~#000000~1~0~transparent~gge716~0^^PL~945 -372 955 -372~#000000~1~0~transparent~gge719~0","LIB~930~-282~package`LED0805_BLUE`BOM_Manufacturer`\u65b9\u821f ARKLED`BOM_Manufacturer Part`D-B080508B1-KS2`BOM_Supplier Part`C108412`BOM_Supplier``link``Contributor`LCEDA_Lib`spicePre`L`spiceSymbolName`LED-0805_B`~270~0~ggeb1632daa52de9a61~4799ae47897d474280a6e45a4d12ef3d~7f9c6d4d878346f99916c580bc848141~0~~yes~yes~~1586867207~#@$T~N~949~-269.59~0~#000080~Arial~~~~~comment~LED-0805_B~1~start~gge740~0~#@$T~P~949~-278.75~0~#000080~Arial~~~~~comment~LED1~1~start~gge746~0~#@$PT~M 924 -287 L 930 -277 L 937 -287 Z ~#880000~1~0~#0099FF~gge752~0~#@$PL~938 -277 922 -277~#880000~1~0~#FF0000~gge755~0#@$PL~940 -277 944 -273~#880000~1~0~#880000~gge758~0#@$PL~936 -273 940 -269~#880000~1~0~#880000~gge761~0#@$PT~M 947 -270 L 945 -274 L 943 -272 Z ~#880000~1~0~#0099FF~gge764~0~#@$PT~M 943 -266 L 941 -270 L 939 -268 Z ~#880000~1~0~#0099FF~gge767~0~#@$P~show~0~1~930~-302~90~gge770~0^^930~-302^^M 930 -302 v 15~#880000^^0~933~-285~270~1~end~~~#0000FF^^0~929~-289~270~1~start~~~#0000FF^^0~930~-290^^0~M 927 -287 L 930 -284 L 933 -287#@$P~show~0~2~930~-262~270~gge791~0^^930~-262^^M 930 -262 v -15~#880000^^0~933~-279~270~2~start~~~#0000FF^^0~929~-275~270~2~end~~~#0000FF^^0~930~-274^^0~M 933 -277 L 930 -280 L 927 -277","LIB~930~-332~package`R0603`nameAlias`Value(\u03a9)`BOM_Supplier Part``BOM_Supplier``Contributor`LCEDA_Lib`spicePre`R`spiceSymbolName`R_0603_US`BOM_Manufacturer Part``~90~0~gged33d9c5f0e1b2374~398691f1f785460098bbe5ee6590333c~b0248eb51e084227889f2cb84eab79c4~0~~yes~yes~~1586861892~#@$T~N~937~-319.59~0~#000080~Arial~~~~~comment~220~1~start~gge890~0~#@$T~P~937~-328.75~0~#000080~Arial~~~~~comment~R1~1~start~gge896~0~#@$PL~930 -347 935 -344~#A00000~1~0~none~gge902~0#@$PL~925 -339 935 -334~#A00000~1~0~none~gge905~0#@$PL~935 -344 925 -339~#A00000~1~0~none~gge908~0#@$P~show~0~2~930~-352~90~gge911~0^^930~-352^^M 930 -352 v 5~#800^^0~930~-343~270~2~end~~~#800^^0~926~-351~270~2~start~~~#800^^0~930~-350^^0~M 927 -347 L 930 -344 L 933 -347#@$PL~935 -325 925 -320~#A00000~1~0~none~gge932~0#@$PL~935 -334 925 -330~#A00000~1~0~none~gge935~0#@$PL~925 -330 935 -325~#A00000~1~0~none~gge938~0#@$PL~925 -320 930 -317~#A00000~1~0~none~gge941~0#@$P~show~0~1~930~-312~270~gge944~0^^930~-312^^M 930 -312 v -5~#800^^0~930~-321~270~1~start~~~#800^^0~926~-313~270~1~end~~~#800^^0~930~-314^^0~M 933 -317 L 930 -320 L 927 -317","LIB~970~-332~package`C0603`nameAlias`Value(F)`BOM_Supplier Part``BOM_Supplier``Contributor`LCEDA_Lib`spicePre`C`spiceSymbolName`C_0603_US`BOM_Manufacturer Part``~90~0~ggef1f1c9fb88d1e626~f8151fdc728a41ebbc304e11d39e5437~24eeb2ceca08480b92b847b6a310acda~0~~yes~yes~~1586863195~#@$T~N~980~-319.59~0~#000080~Arial~~~~~comment~220nF~1~start~gge1046~0~#@$T~P~980~-328.75~0~#000080~Arial~~~~~comment~C1~1~start~gge1052~0~#@$PL~978 -330 962 -330~#A00000~1~0~none~gge1058~0#@$P~show~0~1~970~-312~270~gge1061~0^^970~-312^^M 970 -322 v 10~#800^^0~970~-326~270~1~start~~~#800^^0~966~-318~270~1~end~~~#800^^0~970~-299^^0~M 973 -302 L 970 -305 L 967 -302#@$PL~970 -342 970 -334~#A00000~1~0~none~gge1082~0#@$PL~962 -334 978 -334~#A00000~1~0~none~gge1085~0#@$P~show~0~2~970~-352~90~gge1088~0^^970~-352^^M 970 -342 v -10~#800^^0~970~-338~270~2~end~~~#800^^0~966~-346~270~2~start~~~#800^^0~970~-365^^0~M 967 -362 L 970 -359 L 973 -362#@$PL~970 -330 970 -322~#A00000~1~0~none~gge1109~0","LIB~845~-362~package`XQFN-8_L1.6-W1.6-P0.50-BR`BOM_Supplier`LCSC`BOM_Supplier Part`C73156`BOM_Manufacturer`NXP Semicon`BOM_Manufacturer Part`NT3H1101W0FHKH`Contributor`LCSC`SMT Type`Extend`BOM_JLCPCB SMD`Yes`spicePre`U`spiceSymbolName`NT3H1101W0FHKH`~~0~gge043b440ea359d8d7~5ddf2b7ab82e4dfc959995a4bc0570d8~b5aaac284a8d462890dd09547123d5b6~0~~yes~yes~~1608330101~88909059ba1b41259df482e6ef462781#@$T~N~808.08~-388.75~0~#000080~Arial~~~~~comment~NT3H1101W0FHKH~1~start~gge3329~0~#@$T~P~839.03~-399.12~0~#000080~Arial~~~~~comment~U2~1~start~gge3335~0~#@$R~810~-387~2~2~70~55~#880000~1~0~none~gge3341~0~#@$E~815~-382~1.5~1.5~#880000~1~0~#880000~gge3344~0#@$P~show~0~1~790~-372~180~gge3347~0^^790~-372^^M 790 -372 h 20~#880000^^1~812~-369~0~LA~start~~~#0000FF^^1~805~-373~0~1~end~~~#0000FF^^0~807~-372^^0~M 810 -369 L 813 -372 L 810 -375#@$P~show~0~2~790~-362~180~gge3368~0^^790~-362^^M 790 -362 h 20~#880000^^1~812~-359~0~VSS~start~~~#0000FF^^1~805~-363~0~2~end~~~#0000FF^^0~807~-362^^0~M 810 -359 L 813 -362 L 810 -365#@$P~show~0~3~790~-352~180~gge3389~0^^790~-352^^M 790 -352 h 20~#880000^^1~812~-349~0~SCL~start~~~#0000FF^^1~805~-353~0~3~end~~~#0000FF^^0~807~-352^^0~M 810 -349 L 813 -352 L 810 -355#@$P~show~0~4~790~-342~180~gge3410~0^^790~-342^^M 790 -342 h 20~#880000^^1~812~-339~0~FD~start~~~#0000FF^^1~805~-343~0~4~end~~~#0000FF^^0~807~-342^^0~M 810 -339 L 813 -342 L 810 -345#@$P~show~0~5~900~-342~0~gge3431~0^^900~-342^^M 900 -342 h -20~#880000^^1~878~-339~0~SDA~end~~~#0000FF^^1~885~-343~0~5~start~~~#0000FF^^0~883~-342^^0~M 880 -345 L 877 -342 L 880 -339#@$P~show~0~6~900~-352~0~gge3452~0^^900~-352^^M 900 -352 h -20~#880000^^1~878~-349~0~VCC~end~~~#0000FF^^1~885~-353~0~6~start~~~#0000FF^^0~883~-352^^0~M 880 -355 L 877 -352 L 880 -349#@$P~show~0~7~900~-362~0~gge3473~0^^900~-362^^M 900 -362 h -20~#880000^^1~878~-359~0~VOUT~end~~~#0000FF^^1~885~-363~0~7~start~~~#0000FF^^0~883~-362^^0~M 880 -365 L 877 -362 L 880 -359#@$P~show~0~8~900~-372~0~gge3494~0^^900~-372^^M 900 -372 h -20~#880000^^1~878~-369~0~LB~end~~~#0000FF^^1~885~-373~0~8~start~~~#0000FF^^0~883~-372^^0~M 880 -375 L 877 -372 L 880 -369","LIB~845~-452~package`C0603`nameAlias`Value(F)`BOM_Supplier Part``BOM_Supplier``Contributor`LCEDA_Lib`spicePre`C`spiceSymbolName`C_0603_US`BOM_Manufacturer Part``~~0~ggeed089cad90417058~f8151fdc728a41ebbc304e11d39e5437~24eeb2ceca08480b92b847b6a310acda~0~~yes~yes~~1586863195~#@$T~N~839.03~-463~0~#000080~Arial~~~~~comment~18pF~1~start~gge8975~0~#@$T~P~839.03~-472.12~0~#000080~Arial~~~~~comment~C2~1~start~gge8981~0~#@$PL~843 -444 843 -460~#A00000~1~0~none~gge8987~0#@$P~show~0~1~825~-452~180~gge8990~0^^825~-452^^M 835 -452 h -10~#800^^0~839~-452~0~1~start~~~#800^^0~831~-456~0~1~end~~~#800^^0~812~-452^^0~M 815 -449 L 818 -452 L 815 -455#@$PL~855 -452 847 -452~#A00000~1~0~none~gge9011~0#@$PL~847 -460 847 -444~#A00000~1~0~none~gge9014~0#@$P~show~0~2~865~-452~0~gge9017~0^^865~-452^^M 855 -452 h 10~#800^^0~851~-452~0~2~end~~~#800^^0~859~-456~0~2~start~~~#800^^0~878~-452^^0~M 875 -455 L 872 -452 L 875 -449#@$PL~843 -452 835 -452~#A00000~1~0~none~gge9038~0","LIB~845~-417~package`25X48MM_NFC_ANTENNA`Contributor`Dan Schnur`spicePre`?`spiceSymbolName`ANTENNA_NFC_41X14MM_2UH`BOM_Manufacturer Part``~90~0~gge6b55da391091cb8e~8fdc3db8825540079c968ec34b0ec554~5a926088c30e4497a468541a8d5e4f32~0~~yes~yes~~1597346754~#@$T~N~904.97~-411.75~0~#000080~Arial~~~~~comment~ANTENNA_NFC_41X14MM_2UH~1~start~gge26000~0~#@$T~P~842.4~-432.16~0~#000080~Arial~~~~~comment~1~1~start~gge26006~0~#@$A~M 834.843 -415 A 5 5 0 0 1 844.843 -415~~#A54B4B~1~0~none~gge26012~0#@$A~M 844.843 -415 A 5 5 0 0 1 854.843 -415~~#A54B4B~1~0~none~gge26015~0#@$A~M 824.843 -415 A 5 5 0 0 1 834.843 -415~~#A54B4B~1~0~none~gge26018~0#@$A~M 854.843 -415 A 5 5 0 0 1 864.843 -415~~#A54B4B~1~0~none~gge26021~0#@$P~show~3~P$1~815~-415~180~gge26024~0^^815~-415^^M 815 -415 h 9.842~#A54B4B^^0~834.53~-412.047~0~P$1~start~~4.5pt~#A54B4B^^0~818.78~-416.97~0~P$1~end~~4.5pt~#A54B4B^^0~821~-415^^0~M 824 -412 L 827 -415 L 824 -418#@$P~show~3~P$2~875~-415~0~gge26045~0^^875~-415^^M 875 -415 h -9.842~#A54B4B^^0~855.16~-412.047~0~P$2~end~~4.5pt~#A54B4B^^0~870.91~-416.97~0~P$2~start~~4.5pt~#A54B4B^^0~869~-415^^0~M 866 -418 L 863 -415 L 866 -412","W~790 -372 790 -415 815 -415~#008800~1~0~none~gge26138~0","W~790 -415 790 -452 825 -452~#008800~1~0~none~gge26151~0","W~900 -372 900 -452 865 -452~#008800~1~0~none~gge26158~0","W~875 -415 900 -415~#008800~1~0~none~gge26161~0","W~970 -352 970 -362 950 -362 900 -362 900 -352~#008800~1~0~none~gge26165~0","W~930 -352 930 -362~#008800~1~0~none~gge26172~0","W~930 -312 930 -302~#008800~1~0~none~gge26176~0","W~970 -312 970 -242 930 -242 930 -262~#008800~1~0~none~gge26183~0","F~part_netLabel_gnD~780~-332~0~gge26193~~0^^780~-332^^GND~#000000~767~-306~0~start~1~Times New Roman~9pt~flag_gge13^^PL~780 -322 780 -332~#000000~1~0~transparent~gge26205~0^^PL~771 -322 789 -322~#000000~1~0~transparent~gge26208~0^^PL~774 -320 786 -320~#000000~1~0~transparent~gge26211~0^^PL~777 -318 783 -318~#000000~1~0~transparent~gge26214~0^^PL~779 -316 781 -316~#000000~1~0~transparent~gge26217~0","W~780 -332 780 -362 790 -362~#008800~1~0~none~gge26220~0","O~790~-352~gge26223~M 786 -356 L 794 -348 M 794 -356 L 786 -348~#33cc33~0","O~790~-342~gge26229~M 786 -346 L 794 -338 M 794 -346 L 786 -338~#33cc33~0","O~900~-342~gge26235~M 896 -346 L 904 -338 M 904 -346 L 896 -338~#33cc33~0","T~L~790~-270~0~#0000FF~~9pt~~~~comment~L = 2uH~1~start~gge26251~0~pinpart","T~L~790~-255~0~#0000FF~~9pt~~~~comment~Cin = 50pF\\nC2 = 18pF\\nCt = 68pF~1~start~gge26263~0~pinpart","T~L~785~-195~0~#0000FF~~9pt~~~~comment~NFC @ 13.56Mhz~1~start~gge26275~0~pinpart","J~900~-415~2.5~#CC0000~gge26162~0","J~790~-415~2.5~#CC0000~gge26145~0","J~900~-362~2.5~#CC0000~gge26169~0","J~930~-362~2.5~#CC0000~gge26173~0","J~950~-362~2.5~#CC0000~gge26180~0","J~930~-242~2.5~#CC0000~gge26187~0"],"BBox":{"x":0,"y":-807.2,"width":1149,"height":807.3},"colors":[]}}],"docType":5,"title":"NFC PCB Card","name":"NFC PCB Card"}